epoch,step,train_loss,val_loss
0,304,,0.1632038801908493
0,304,0.2117512822151184,
1,609,,0.1612793654203415
1,609,0.17195992171764374,
2,914,,0.1600293219089508
2,914,0.168379545211792,
3,1219,,0.15924113988876343
3,1219,0.1667298525571823,
