epoch,step,train_loss,val_loss
0,304,,0.9113272428512573
0,304,0.9404915571212769,
1,609,,0.9058361649513245
1,609,0.9202200174331665,
2,914,,0.9003872871398926
2,914,0.9157299995422363,
3,1219,,0.9006892442703247
3,1219,0.9109407663345337,
4,1524,,0.8982796669006348
4,1524,0.9091764688491821,
5,1829,,0.8983622789382935
5,1829,0.9068878889083862,
